university,avg_fill_rate,std_fill_rate,min_fill_rate,max_fill_rate,avg_competition_rate,std_competition_rate,avg_employment_rate,std_employment_rate,avg_advancement_rate,std_advancement_rate,avg_admission_quota,avg_recruitment_quota,avg_applicants,avg_entrants,region,foundation_type,metro_local,representative_group,analysis_group,strategy_score,strategy_rank,strategy_type,strategy_insight,fill_score,competition_score,employment_score,stability_score
연세대학교,100.2,1.126942766958464,99.5,101.5,10.5,1.2489995996796799,69.91,2.316052676430308,20.0,2.3928852876809628,3507.0,3518.3333333333335,37012.0,3525.3333333333335,서울,사립,수도권,대표대학,수도권-사립-대표,0.7824290950289405,4,입시 수요 강세형,경쟁률과 충원율이 비교적 높아 입시 수요가 확인되는 유형이다. 지원자 관심을 실제 등록으로 연결하는 등록 유도 전략이 중요하다.,1.0,0.392927308447937,0.8071625344352616,0.818431740199359
강서대학교,100.13333333333333,0.23094010767585463,100.0,100.4,12.033333333333333,1.6502525059315412,66.62666666666667,3.1815300302422647,5.19,1.1421033228215387,277.0,277.3333333333333,3336.0,277.6666666666667,서울,사립,수도권,비교대학,수도권-사립-비교,0.7903573223907278,3,입시 수요 강세형,경쟁률과 충원율이 비교적 높아 입시 수요가 확인되는 유형이다. 지원자 관심을 실제 등록으로 연결하는 등록 유도 전략이 중요하다.,0.9890109890109872,0.4833005893909626,0.6475449684005834,0.9627919050565032
평택대학교,100.13333333333333,0.11547005383792884,100.0,100.2,7.833333333333333,0.9504384952922175,61.096666666666664,3.5060281421194186,1.6866666666666668,0.1484362938547488,814.3333333333334,816.3333333333334,6404.0,817.6666666666666,경기,사립,수도권,비교대학,수도권-사립-비교,0.67749425567936,10,충원 안정·수요 강세형,충원율과 경쟁률이 모두 양호하고 변동성도 낮은 유형이다. 현재의 모집 경쟁력을 유지하면서 우수 사례로 관리할 필요가 있다.,0.9890109890109872,0.2357563850687622,0.3787068546426835,0.9813959525282512
창신대학교,100.0,0.0,100.0,100.0,7.233333333333334,0.7637626158259734,70.87,1.4566056432679377,2.1666666666666665,0.2532455988429675,338.3333333333333,338.3333333333333,2439.3333333333335,338.3333333333333,경남,사립,지방,비교대학,지방-사립-비교,0.757677907053846,6,충원 안정형,신입생 충원율이 안정적으로 유지되는 유형이다. 급격한 모집 확대보다는 안정적인 지원자 풀 관리와 학과별 강점 홍보가 적절하다.,0.9670329670329666,0.2003929273084479,0.8538324420677365,1.0
서울과학기술대학교,99.96666666666665,0.05773502691895929,99.9,100.0,12.966666666666667,0.6027713773341704,67.44,3.9346156101962477,10.19,2.016804403009871,2184.0,2186.3333333333335,28347.666666666668,2185.0,서울,국립,수도권,대표대학,수도권-국립-대표,0.805214634449596,2,충원 안정·수요 강세형,충원율과 경쟁률이 모두 양호하고 변동성도 낮은 유형이다. 현재의 모집 경쟁력을 유지하면서 우수 사례로 관리할 필요가 있다.,0.9615384615384592,0.5383104125736737,0.6870847512558742,0.9906979762641264
한남대학교,99.93333333333334,0.05773502691895929,99.9,100.0,5.033333333333333,0.05773502691896237,64.33666666666667,2.4303360535805236,5.359999999999999,1.1452947218947613,2715.0,2721.0,13662.666666666666,2719.3333333333335,대전,사립,지방,비교대학,지방-사립-비교,0.6559475663178157,12,충원 안정형,신입생 충원율이 안정적으로 유지되는 유형이다. 급격한 모집 확대보다는 안정적인 지원자 풀 관리와 학과별 강점 홍보가 적절하다.,0.9560439560439564,0.0707269155206286,0.5362177929022853,0.9906979762641264
경북대학교,99.90000000000002,0.0,99.9,99.9,11.966666666666669,0.7637626158259732,59.57333333333333,1.5605234164642774,12.403333333333334,1.8772675177857143,4989.666666666667,4986.0,59698.666666666664,4981.666666666667,대구,국립,지방,대표대학,지방-국립-대표,0.7109927664832439,8,충원 안정·수요 강세형,충원율과 경쟁률이 모두 양호하고 변동성도 낮은 유형이다. 현재의 모집 경쟁력을 유지하면서 우수 사례로 관리할 필요가 있다.,0.9505494505494536,0.4793713163064833,0.3046507859342083,1.0
경상국립대학교,99.89999999999999,0.17320508075689225,99.7,100.0,6.633333333333333,0.25166114784235827,53.306666666666665,1.055335649607904,11.306666666666667,1.3266624790553672,4324.333333333333,4322.0,28657.333333333332,4316.666666666667,경남,국립,지방,대표대학,지방-국립-대표,0.5672912369256695,17,충원 안정형,신입생 충원율이 안정적으로 유지되는 유형이다. 급격한 모집 확대보다는 안정적인 지원자 풀 관리와 학과별 강점 홍보가 적절하다.,0.9505494505494488,0.1650294695481335,0.0,0.9720939287923772
충남대학교,99.86666666666667,0.11547005383792884,99.8,100.0,9.066666666666668,1.1590225767142484,63.449999999999996,2.140116819241422,13.376666666666665,3.0822124088604492,3671.3333333333335,3664.6666666666665,33324.666666666664,3660.3333333333335,대전,국립,지방,대표대학,지방-국립-대표,0.7009659447158041,9,충원 안정·수요 강세형,충원율과 경쟁률이 모두 양호하고 변동성도 낮은 유형이다. 현재의 모집 경쟁력을 유지하면서 우수 사례로 관리할 필요가 있다.,0.945054945054946,0.3084479371316306,0.4931129476584021,0.9813959525282512
서울대학교,99.83333333333333,0.15275252316520072,99.7,100.0,6.6000000000000005,1.0440306508910548,69.05333333333333,3.0713894792639542,30.103333333333335,2.0404983051532626,3386.6666666666665,3390.3333333333335,22555.666666666668,3383.6666666666665,서울,국립대법인,수도권,대표대학,수도권-국립-대표,0.716001982612416,7,충원 안정형,신입생 충원율이 안정적으로 유지되는 유형이다. 급격한 모집 확대보다는 안정적인 지원자 풀 관리와 학과별 강점 홍보가 적절하다.,0.9395604395604384,0.1630648330058939,0.7655161238048936,0.9753891585052564
동아대학교,99.83333333333333,0.11547005383792781,99.7,99.9,6.333333333333333,0.15275252316519433,58.846666666666664,1.2983964469041527,5.333333333333333,0.3172275734127369,4091.6666666666665,4102.333333333333,26004.0,4094.0,부산,사립,지방,대표대학,지방-사립-대표,0.6137353555962215,13,충원 안정형,신입생 충원율이 안정적으로 유지되는 유형이다. 급격한 모집 확대보다는 안정적인 지원자 풀 관리와 학과별 강점 홍보가 적절하다.,0.9395604395604384,0.1473477406679763,0.2693242586290714,0.9813959525282516
부경대학교,99.76666666666667,0.2516611478423544,99.5,100.0,8.0,0.8185352771872453,56.803333333333335,0.6505638579980699,8.883333333333333,1.2504932360206242,3315.3333333333335,3293.6666666666665,26335.666666666668,3285.3333333333335,부산,국립,지방,대표대학,지방-국립-대표,0.6107392074822323,15,관찰 필요형,일부 지표는 양호하지만 뚜렷한 유형으로 분류되지는 않는 대학이다. 세부 학과 단위 분석과 연도별 변화 추적이 필요하다.,0.928571428571428,0.2455795677799606,0.1699886566196728,0.9594534185649092
부산대학교,99.76666666666667,0.05773502691895929,99.7,99.8,9.433333333333332,1.1150485789118478,59.48333333333333,1.8277946638868754,13.57,2.7364941074301634,4366.666666666667,4363.333333333333,41186.333333333336,4353.666666666667,부산,국립,지방,대표대학,지방-국립-대표,0.6626030990609897,11,관찰 필요형,일부 지표는 양호하지만 뚜렷한 유형으로 분류되지는 않는 대학이다. 세부 학과 단위 분석과 연도별 변화 추적이 필요하다.,0.928571428571428,0.330058939096267,0.3002754820936636,0.9906979762641264
경성대학교,99.60000000000001,0.2645751311064608,99.3,99.8,6.433333333333334,0.11547005383792494,56.20333333333334,1.0396313449167116,2.723333333333333,0.31342197327777366,2765.0,2773.0,17877.333333333332,2762.0,부산,사립,지방,대표대학,지방-사립-대표,0.5705198817002223,16,입학성과 보완 필요형,"충원율과 경쟁률이 모두 상대적으로 낮은 유형이다. 모집단위별 수요 점검, 지역 맞춤 홍보, 전형 구조 개선 등 보완 전략이 필요하다.",0.9010989010989022,0.1532416502946954,0.1408199643493765,0.957372772114081
부산외국어대학교,99.56666666666666,0.6110100926607711,98.9,100.1,3.8333333333333335,0.4932882862316249,58.666666666666664,1.5021761991635114,1.7566666666666666,0.4508140784551136,1470.0,1493.3333333333333,5760.666666666667,1486.3333333333333,부산,사립,지방,대표대학,지방-사립-대표,0.5455899835345089,19,입학성과 보완 필요형,"충원율과 경쟁률이 모두 상대적으로 낮은 유형이다. 모집단위별 수요 점검, 지역 맞춤 홍보, 전형 구조 개선 등 보완 전략이 필요하다.",0.8956043956043946,0.0,0.2605736509479824,0.9015566340210306
성균관대학교,99.53333333333335,0.23094010767584025,99.4,99.8,20.8,1.8330302779823346,73.87666666666667,2.5703177494880576,14.943333333333333,2.6629369750959797,3445.6666666666665,3450.6666666666665,71926.66666666667,3434.0,서울,사립,수도권,대표대학,수도권-사립-대표,0.9504627418024324,1,취업성과 기반 잠재형,"취업성과는 높지만 입학성과가 상대적으로 약한 유형이다. 취업률, 졸업 후 진로, 산학협력 성과를 입시 홍보 메시지로 강화할 필요가 있다.",0.8901098901098918,1.0,1.0,0.9627919050565056
울산대학교,99.53333333333335,0.3511884584284232,99.2,99.9,4.766666666666667,0.28867513459481275,58.51333333333334,2.0288995375161716,5.783333333333334,0.47035447625523163,2707.0,2615.6666666666665,12379.333333333334,2602.3333333333335,울산,사립,지방,대표대학,지방-사립-대표,0.5619329975421603,18,입학성과 보완 필요형,"충원율과 경쟁률이 모두 상대적으로 낮은 유형이다. 모집단위별 수요 점검, 지역 맞춤 홍보, 전형 구조 개선 등 보완 전략이 필요하다.",0.8901098901098918,0.0550098231827111,0.2531194295900184,0.943417998563481
고려대학교,99.46666666666665,0.4932882862316212,98.9,99.8,11.633333333333333,2.672701504720145,70.38000000000001,0.48507731342539734,20.653333333333332,2.332495087526088,4006.0,4009.0,46819.0,3988.0,서울,사립,수도권,대표대학,수도권-사립-대표,0.7706603791996869,5,취업성과 기반 잠재형,"취업성과는 높지만 입학성과가 상대적으로 약한 유형이다. 취업률, 졸업 후 진로, 산학협력 성과를 입시 홍보 메시지로 강화할 필요가 있다.",0.8791208791208768,0.4597249508840863,0.8300113433803279,0.9205234743616604
협성대학교,99.43333333333334,0.7371114795831977,98.6,100.0,7.8,0.43588989435406794,60.723333333333336,2.2539151122731558,4.696666666666666,0.7035860525432078,1004.0,1007.3333333333334,7856.333333333333,1001.6666666666666,경기,사립,수도권,비교대학,수도권-사립-비교,0.6121959324644144,14,관찰 필요형,일부 지표는 양호하지만 뚜렷한 유형으로 분류되지는 않는 대학이다. 세부 학과 단위 분석과 연도별 변화 추적이 필요하다.,0.873626373626374,0.2337917485265225,0.3605574461189437,0.8812397110563027
대구대학교,97.60000000000001,1.9157244060668024,96.3,99.8,5.066666666666666,0.3214550253664318,56.21333333333333,2.746203439902683,3.6300000000000003,0.1385640646055103,3850.0,3826.0,19521.666666666668,3734.3333333333335,경북,사립,지방,대표대학,지방-사립-대표,0.3787075244328237,20,입학성과 보완 필요형,"충원율과 경쟁률이 모두 상대적으로 낮은 유형이다. 모집단위별 수요 점검, 지역 맞춤 홍보, 전형 구조 개선 등 보완 전략이 필요하다.",0.5714285714285731,0.0726915520628683,0.1413061092205477,0.6913465733437856
영산대학교,94.76666666666667,4.660829682935575,90.6,99.8,3.966666666666667,0.3511884584284246,67.59,1.4052401929919358,1.4766666666666666,0.3407834111768549,1318.6666666666667,1318.6666666666667,5185.0,1249.0,경남,사립,지방,비교대학,지방-사립-비교,0.2199582836245366,21,취업성과 기반 잠재형,"취업성과는 높지만 입학성과가 상대적으로 약한 유형이다. 취업률, 졸업 후 진로, 산학협력 성과를 입시 홍보 메시지로 강화할 필요가 있다.",0.1043956043956053,0.0078585461689587,0.6943769243234487,0.2490668030624344
동명대학교,94.13333333333333,6.206716791777536,87.0,98.3,5.633333333333333,0.472581562625261,62.833333333333336,2.244021687358065,1.4366666666666665,0.02309401076758507,1500.3333333333333,1505.6666666666667,8418.333333333334,1413.3333333333333,부산,사립,지방,비교대학,지방-사립-비교,0.1191493961074663,22,입학성과 보완 필요형,"충원율과 경쟁률이 모두 상대적으로 낮은 유형이다. 모집단위별 수요 점검, 지역 맞춤 홍보, 전형 구조 개선 등 보완 전략이 필요하다.",0.0,0.1060903732809429,0.4631340139361531,0.0
