year,university,region,foundation_type,metro_local,representative_group,analysis_group,admission_quota,recruitment_quota,applicants,entrants,fill_rate,competition_rate,graduates,employed,advanced,employment_rate,advancement_rate,applicants_per_recruitment,entrants_per_recruitment
2023,강서대학교,서울,사립,수도권,비교대학,수도권-사립-비교,277.0,278.0,3814.0,278.0,100.0,13.7,318.0,203.0,13.0,70.0,4.09,13.719424460431656,1.0
2024,강서대학교,서울,사립,수도권,비교대학,수도권-사립-비교,277.0,277.0,3323.0,278.0,100.4,12.0,251.0,142.0,16.0,63.68,6.37,11.99638989169675,1.0036101083032491
2025,강서대학교,서울,사립,수도권,비교대학,수도권-사립-비교,277.0,277.0,2871.0,277.0,100.0,10.4,235.0,141.0,12.0,66.2,5.11,10.364620938628159,1.0
2023,경북대학교,대구,국립,지방,대표대학,지방-국립-대표,4659.0,4679.0,60079.0,4676.0,99.9,12.8,5295.0,2740.0,566.0,60.81,10.69,12.840136781363539,0.9993588373584099
2024,경북대학교,대구,국립,지방,대표대학,지방-국립-대표,5041.0,5052.0,59830.0,5048.0,99.9,11.8,4738.0,2411.0,574.0,60.09,12.11,11.84283452098179,0.9992082343626286
2025,경북대학교,대구,국립,지방,대표대학,지방-국립-대표,5269.0,5227.0,59187.0,5221.0,99.9,11.3,4783.0,2255.0,689.0,57.82,14.41,11.323321216759135,0.9988521140233404
2023,경상국립대학교,경남,국립,지방,대표대학,지방-국립-대표,4260.0,4293.0,28305.0,4279.0,99.7,6.6,3270.0,1538.0,321.0,53.66,9.82,6.59329140461216,0.9967388772420219
2024,경상국립대학교,경남,국립,지방,대표대학,지방-국립-대표,4261.0,4271.0,27298.0,4271.0,100.0,6.4,3026.0,1338.0,355.0,52.12,11.73,6.391477405759775,1.0
2025,경상국립대학교,경남,국립,지방,대표대학,지방-국립-대표,4452.0,4402.0,30369.0,4400.0,100.0,6.9,2910.0,1333.0,360.0,54.14,12.37,6.898909586551567,0.9995456610631531
2023,경성대학교,부산,사립,지방,대표대학,지방-사립-대표,2765.0,2782.0,17657.0,2762.0,99.3,6.3,2995.0,1471.0,73.0,56.97,2.44,6.346872753414809,0.9928109273903667
2024,경성대학교,부산,사립,지방,대표대학,지방-사립-대표,2765.0,2769.0,18054.0,2763.0,99.8,6.5,2698.0,1322.0,72.0,56.62,2.67,6.520043336944745,0.9978331527627302
2025,경성대학교,부산,사립,지방,대표대학,지방-사립-대표,2765.0,2768.0,17921.0,2761.0,99.7,6.5,2712.0,1283.0,83.0,55.02,3.06,6.474349710982659,0.997471098265896
2023,고려대학교,서울,사립,수도권,대표대학,수도권-사립-대표,3884.0,3879.0,40266.0,3873.0,99.8,10.4,4905.0,2438.0,881.0,70.87,17.96,10.380510440835266,0.9984532095901005
2024,고려대학교,서울,사립,수도권,대표대학,수도권-사립-대표,3992.0,4000.0,39032.0,3987.0,99.7,9.8,4391.0,2090.0,966.0,70.37,22.0,9.758,0.99675
2025,고려대학교,서울,사립,수도권,대표대학,수도권-사립-대표,4142.0,4148.0,61159.0,4104.0,98.9,14.7,4219.0,2046.0,928.0,69.9,22.0,14.744214079074252,0.9893924783027965
2023,대구대학교,경북,사립,지방,대표대학,지방-사립-대표,3850.0,3822.0,20002.0,3680.0,96.3,5.2,4033.0,2228.0,143.0,59.29,3.55,5.23338566195709,0.9628466771323915
2024,대구대학교,경북,사립,지방,대표대학,지방-사립-대표,3850.0,3834.0,18143.0,3709.0,96.7,4.7,3857.0,1918.0,146.0,54.01,3.79,4.732133541992697,0.967396974439228
2025,대구대학교,경북,사립,지방,대표대학,지방-사립-대표,3850.0,3822.0,20420.0,3814.0,99.8,5.3,3771.0,1871.0,134.0,55.34,3.55,5.342752485609629,0.9979068550497122
2023,동명대학교,부산,사립,지방,비교대학,지방-사립-비교,1618.0,1627.0,8263.0,1416.0,87.0,5.1,1727.0,1045.0,25.0,65.39,1.45,5.078672403196066,0.8703134603564844
2024,동명대학교,부산,사립,지방,비교대학,지방-사립-비교,1459.0,1466.0,8744.0,1441.0,98.3,6.0,1637.0,894.0,23.0,61.19,1.41,5.964529331514325,0.9829467939972715
2025,동명대학교,부산,사립,지방,비교대학,지방-사립-비교,1424.0,1424.0,8248.0,1383.0,97.1,5.8,1729.0,940.0,25.0,61.92,1.45,5.792134831460674,0.9712078651685393
2023,동아대학교,부산,사립,지방,대표대학,지방-사립-대표,4058.0,4081.0,26430.0,4075.0,99.9,6.5,4264.0,2329.0,215.0,59.13,5.04,6.476353834844401,0.9985297721146777
2024,동아대학교,부산,사립,지방,대표대학,지방-사립-대표,4058.0,4062.0,25225.0,4048.0,99.7,6.2,4178.0,2304.0,221.0,59.98,5.29,6.209995076317085,0.9965534219596258
2025,동아대학교,부산,사립,지방,대표대학,지방-사립-대표,4159.0,4164.0,26357.0,4159.0,99.9,6.3,4183.0,2203.0,237.0,57.43,5.67,6.329731027857829,0.9987992315081652
2023,부경대학교,부산,국립,지방,대표대학,지방-국립-대표,3270.0,3274.0,25625.0,3258.0,99.5,7.8,3870.0,1940.0,292.0,57.52,7.55,7.826817348808796,0.9951130116065975
2024,부경대학교,부산,국립,지방,대표대학,지방-국립-대표,3338.0,3303.0,24002.0,3295.0,99.8,7.3,3451.0,1676.0,313.0,56.64,9.07,7.266727217680896,0.9975779594308205
2025,부경대학교,부산,국립,지방,대표대학,지방-국립-대표,3338.0,3304.0,29380.0,3303.0,100.0,8.9,3461.0,1656.0,347.0,56.25,10.03,8.892251815980629,0.9996973365617433
2023,부산대학교,부산,국립,지방,대표대학,지방-국립-대표,4291.0,4299.0,46156.0,4292.0,99.8,10.7,4832.0,2505.0,555.0,61.1,11.49,10.73645033728774,0.998371714352175
2024,부산대학교,부산,국립,지방,대표대학,지방-국립-대표,4311.0,4323.0,37391.0,4312.0,99.7,8.6,4278.0,2136.0,537.0,59.85,12.55,8.649317603516076,0.9974554707379135
2025,부산대학교,부산,국립,지방,대표대학,지방-국립-대표,4498.0,4468.0,40012.0,4457.0,99.8,9.0,4176.0,1912.0,696.0,57.5,16.67,8.955237242614144,0.997538048343778
2023,부산외국어대학교,부산,사립,지방,대표대학,지방-사립-대표,1470.0,1508.0,6659.0,1503.0,99.7,4.4,1775.0,930.0,22.0,60.12,1.24,4.415782493368701,0.996684350132626
2024,부산외국어대학교,부산,사립,지방,대표대학,지방-사립-대표,1470.0,1501.0,5303.0,1484.0,98.9,3.5,1546.0,805.0,32.0,58.76,2.07,3.532978014656895,0.988674217188541
2025,부산외국어대학교,부산,사립,지방,대표대학,지방-사립-대표,1470.0,1471.0,5320.0,1472.0,100.1,3.6,1531.0,766.0,30.0,57.12,1.96,3.6165873555404486,1.0006798096532972
2023,서울과학기술대학교,서울,국립,수도권,대표대학,수도권-국립-대표,2148.0,2152.0,26611.0,2151.0,100.0,12.4,2481.0,1564.0,207.0,71.48,8.34,12.365706319702602,0.9995353159851301
2024,서울과학기술대학교,서울,국립,수도권,대표대학,수도권-국립-대표,2177.0,2179.0,28203.0,2178.0,100.0,12.9,2163.0,1253.0,214.0,67.22,9.89,12.943093162000919,0.9995410738871042
2025,서울과학기술대학교,서울,국립,수도권,대표대학,수도권-국립-대표,2227.0,2228.0,30229.0,2226.0,99.9,13.6,2285.0,1198.0,282.0,63.62,12.34,13.567773788150808,0.9991023339317774
2023,서울대학교,서울,국립대법인,수도권,대표대학,수도권-국립-대표,3233.0,3237.0,17565.0,3236.0,100.0,5.4,3330.0,1633.0,924.0,70.27,27.75,5.426320667284522,0.9996910719802286
2024,서울대학교,서울,국립대법인,수도권,대표대학,수도권-국립-대표,3451.0,3457.0,25303.0,3450.0,99.8,7.3,3113.0,1463.0,977.0,71.33,31.38,7.319352039340469,0.9979751229389644
2025,서울대학교,서울,국립대법인,수도권,대표대학,수도권-국립-대표,3476.0,3477.0,24799.0,3465.0,99.7,7.1,3188.0,1361.0,994.0,65.56,31.18,7.1322979580097785,0.996548748921484
2023,성균관대학교,서울,사립,수도권,대표대학,수도권-사립-대표,3335.0,3349.0,62964.0,3341.0,99.8,18.8,4664.0,2528.0,609.0,76.47,13.06,18.800836070468797,0.9976112272320096
2024,성균관대학교,서울,사립,수도권,대표대학,수도권-사립-대표,3447.0,3451.0,73237.0,3432.0,99.4,21.2,4122.0,2231.0,568.0,73.83,13.78,21.221964647928136,0.9944943494639235
2025,성균관대학교,서울,사립,수도권,대표대학,수도권-사립-대표,3555.0,3552.0,79579.0,3529.0,99.4,22.4,4124.0,2072.0,742.0,71.33,17.99,22.40399774774775,0.9935247747747747
2023,연세대학교,서울,사립,수도권,대표대학,수도권-사립-대표,3471.0,3480.0,31832.0,3466.0,99.6,9.1,4351.0,2344.0,756.0,70.86,17.38,9.14712643678161,0.9959770114942529
2024,연세대학교,서울,사립,수도권,대표대학,수도권-사립-대표,3495.0,3506.0,38171.0,3488.0,99.5,10.9,4030.0,2055.0,828.0,71.6,20.55,10.887335995436395,0.9948659440958357
2025,연세대학교,서울,사립,수도권,대표대학,수도권-사립-대표,3555.0,3569.0,41033.0,3622.0,101.5,11.5,4204.0,1961.0,928.0,67.27,22.07,11.497057999439619,1.0148500980666852
2023,영산대학교,경남,사립,지방,비교대학,지방-사립-비교,1331.0,1331.0,5669.0,1206.0,90.6,4.3,1414.0,885.0,18.0,68.98,1.27,4.259203606311044,0.9060856498873028
2024,영산대학교,경남,사립,지방,비교대학,지방-사립-비교,1331.0,1331.0,4766.0,1250.0,93.9,3.6,1339.0,802.0,25.0,67.62,1.87,3.5807663410969197,0.9391435011269722
2025,영산대학교,경남,사립,지방,비교대학,지방-사립-비교,1294.0,1294.0,5120.0,1291.0,99.8,4.0,1392.0,837.0,18.0,66.17,1.29,3.956723338485317,0.9976816074188563
2023,울산대학교,울산,사립,지방,대표대학,지방-사립-대표,2727.0,2753.0,12561.0,2730.0,99.2,4.6,2962.0,1653.0,168.0,60.77,5.67,4.562658917544497,0.9916454776607337
2024,울산대학교,울산,사립,지방,대표대학,지방-사립-대표,2657.0,2515.0,11518.0,2512.0,99.9,4.6,2805.0,1469.0,151.0,57.93,5.38,4.5797216699801195,0.9988071570576541
2025,울산대학교,울산,사립,지방,대표대학,지방-사립-대표,2737.0,2579.0,13059.0,2565.0,99.5,5.1,2684.0,1367.0,169.0,56.84,6.3,5.063590538968593,0.9945715393563397
2023,창신대학교,경남,사립,지방,비교대학,지방-사립-비교,325.0,325.0,2569.0,325.0,100.0,7.9,464.0,295.0,9.0,71.78,1.94,7.904615384615385,1.0
2024,창신대학교,경남,사립,지방,비교대학,지방-사립-비교,345.0,345.0,2208.0,345.0,100.0,6.4,425.0,283.0,9.0,69.19,2.12,6.4,1.0
2025,창신대학교,경남,사립,지방,비교대학,지방-사립-비교,345.0,345.0,2541.0,345.0,100.0,7.4,491.0,336.0,12.0,71.64,2.44,7.3652173913043475,1.0
2023,충남대학교,대전,국립,지방,대표대학,지방-국립-대표,3584.0,3599.0,28793.0,3593.0,99.8,8.0,3872.0,2164.0,394.0,65.16,10.18,8.00027785495971,0.9983328702417338
2024,충남대학교,대전,국립,지방,대표대학,지방-국립-대표,3652.0,3656.0,32661.0,3650.0,99.8,8.9,3474.0,1830.0,473.0,64.14,13.62,8.933533916849015,0.9983588621444202
2025,충남대학교,대전,국립,지방,대표대학,지방-국립-대표,3778.0,3739.0,38520.0,3738.0,100.0,10.3,3552.0,1721.0,580.0,61.05,16.33,10.30221984487831,0.9997325488098422
2023,평택대학교,경기,사립,수도권,비교대학,수도권-사립-비교,805.0,813.0,5582.0,815.0,100.2,6.9,767.0,460.0,12.0,65.06,1.56,6.865928659286593,1.002460024600246
2024,평택대학교,경기,사립,수도권,비교대학,수도권-사립-비교,805.0,805.0,6298.0,807.0,100.2,7.8,847.0,411.0,14.0,59.83,1.65,7.823602484472049,1.0024844720496895
2025,평택대학교,경기,사립,수도권,비교대학,수도권-사립-비교,833.0,831.0,7332.0,831.0,100.0,8.8,809.0,410.0,15.0,58.4,1.85,8.823104693140793,1.0
2023,한남대학교,대전,사립,지방,비교대학,지방-사립-비교,2715.0,2731.0,13759.0,2728.0,99.9,5.0,2362.0,1428.0,100.0,66.79,4.23,5.038081288905163,0.9989015012815818
2024,한남대학교,대전,사립,지방,비교대학,지방-사립-비교,2715.0,2716.0,13469.0,2714.0,99.9,5.0,2234.0,1300.0,119.0,64.29,5.33,4.959131075110457,0.9992636229749632
2025,한남대학교,대전,사립,지방,비교대학,지방-사립-비교,2715.0,2716.0,13760.0,2716.0,100.0,5.1,2330.0,1308.0,152.0,61.93,6.52,5.0662739322533135,1.0
2023,협성대학교,경기,사립,수도권,비교대학,수도권-사립-비교,1004.0,1008.0,7577.0,994.0,98.6,7.5,979.0,540.0,41.0,62.21,4.19,7.516865079365079,0.9861111111111112
2024,협성대학교,경기,사립,수도권,비교대학,수도권-사립-비교,1004.0,1007.0,7673.0,1004.0,99.7,7.6,931.0,494.0,41.0,61.83,4.4,7.619662363455809,0.997020854021847
2025,협성대학교,경기,사립,수도권,비교대학,수도권-사립-비교,1004.0,1007.0,8319.0,1007.0,100.0,8.3,909.0,472.0,50.0,58.13,5.5,8.261171797418074,1.0
