기준연도,공시연도,자료연도,취업성과_자료시차,대학명,지역,설립구분,수도권/지방,대표/비교,분석그룹,입학정원,모집인원,지원자,입학자,정원내 신입생 충원율(%),경쟁률,졸업자,취업자,진학자,입대자,취업불가능자,외국인유학생,제외인정자,취업률_계산분모,취업률(%),취업률_원자료_평균,진학률(%),유지취업률_평균,졸업자_대비_취업자비율,졸업자_대비_진학자비율
2023,2023,2022,1,강서대학교,서울,사립,수도권,비교대학,수도권-사립-비교,277,278,3814,278,100.0,13.7,318,203,13,1,0,0,14,290,70.0,70.0,4.09,80.73,63.84,4.09
2024,2024,2023,1,강서대학교,서울,사립,수도권,비교대학,수도권-사립-비교,277,277,3323,278,100.4,12.0,251,142,16,3,0,0,9,223,63.68,63.7,6.37,82.64,56.57,6.37
2025,2025,2024,1,강서대학교,서울,사립,수도권,비교대학,수도권-사립-비교,277,277,2871,277,100.0,10.4,235,141,12,0,0,0,10,213,66.2,66.2,5.11,85.22,60.0,5.11
2023,2023,2022,1,경북대학교,대구,국립,지방,대표대학,지방-국립-대표,4659,4679,60079,4676,99.9,12.8,5295,2740,566,46,5,149,23,4506,60.81,60.8,10.69,89.52,51.75,10.69
2024,2024,2023,1,경북대학교,대구,국립,지방,대표대학,지방-국립-대표,5041,5052,59830,5048,99.9,11.8,4738,2411,574,34,2,97,19,4012,60.09,60.1,12.11,86.48,50.89,12.11
2025,2025,2024,1,경북대학교,대구,국립,지방,대표대학,지방-국립-대표,5269,5227,59187,5221,99.9,11.3,4783,2255,689,69,1,122,2,3900,57.82,57.8,14.41,88.38,47.15,14.41
2023,2023,2022,1,경상국립대학교,경남,국립,지방,대표대학,지방-국립-대표,4260,4293,28305,4279,99.7,6.6,3270,1538,321,26,0,34,23,2866,53.66,53.7,9.82,83.71,47.03,9.82
2024,2024,2023,1,경상국립대학교,경남,국립,지방,대표대학,지방-국립-대표,4261,4271,27298,4271,100.0,6.4,3026,1338,355,22,1,64,17,2567,52.12,52.1,11.73,80.88,44.22,11.73
2025,2025,2024,1,경상국립대학교,경남,국립,지방,대표대학,지방-국립-대표,4452,4402,30369,4400,100.0,6.9,2910,1333,360,43,3,42,0,2462,54.14,54.1,12.37,81.54,45.81,12.37
2023,2023,2022,1,경성대학교,부산,사립,지방,대표대학,지방-사립-대표,2765,2782,17657,2762,99.3,6.3,2995,1471,73,33,1,270,36,2582,56.97,57.0,2.44,80.48,49.12,2.44
2024,2024,2023,1,경성대학교,부산,사립,지방,대표대학,지방-사립-대표,2765,2769,18054,2763,99.8,6.5,2698,1322,72,22,0,225,44,2335,56.62,56.6,2.67,80.58,49.0,2.67
2025,2025,2024,1,경성대학교,부산,사립,지방,대표대학,지방-사립-대표,2765,2768,17921,2761,99.7,6.5,2712,1283,83,21,0,276,0,2332,55.02,55.0,3.06,79.96,47.31,3.06
2023,2023,2022,1,고려대학교,서울,사립,수도권,대표대학,수도권-사립-대표,3884,3879,40266,3873,99.8,10.4,4905,2438,881,47,1,529,7,3440,70.87,70.9,17.96,92.42,49.7,17.96
2024,2024,2023,1,고려대학교,서울,사립,수도권,대표대학,수도권-사립-대표,3992,4000,39032,3987,99.7,9.8,4391,2090,966,38,0,407,10,2970,70.37,70.4,22.0,88.81,47.6,22.0
2025,2025,2024,1,고려대학교,서울,사립,수도권,대표대학,수도권-사립-대표,4142,4148,61159,4104,98.9,14.7,4219,2046,928,55,2,307,0,2927,69.9,69.9,22.0,91.67,48.49,22.0
2023,2023,2022,1,대구대학교,경북,사립,지방,대표대학,지방-사립-대표,3850,3822,20002,3680,96.3,5.2,4033,2228,143,28,1,57,46,3758,59.29,59.3,3.55,79.89,55.24,3.55
2024,2024,2023,1,대구대학교,경북,사립,지방,대표대학,지방-사립-대표,3850,3834,18143,3709,96.7,4.7,3857,1918,146,23,1,104,32,3551,54.01,54.0,3.79,79.02,49.73,3.79
2025,2025,2024,1,대구대학교,경북,사립,지방,대표대학,지방-사립-대표,3850,3822,20420,3814,99.8,5.3,3771,1871,134,48,0,208,0,3381,55.34,55.3,3.55,79.62,49.62,3.55
2023,2023,2022,1,동명대학교,부산,사립,지방,비교대학,지방-사립-비교,1618,1627,8263,1416,87.0,5.1,1727,1045,25,12,1,79,12,1598,65.39,65.4,1.45,83.59,60.51,1.45
2024,2024,2023,1,동명대학교,부산,사립,지방,비교대학,지방-사립-비교,1459,1466,8744,1441,98.3,6.0,1637,894,23,15,0,123,15,1461,61.19,61.2,1.41,84.18,54.61,1.41
2025,2025,2024,1,동명대학교,부산,사립,지방,비교대학,지방-사립-비교,1424,1424,8248,1383,97.1,5.8,1729,940,25,11,0,175,0,1518,61.92,61.9,1.45,83.3,54.37,1.45
2023,2023,2022,1,동아대학교,부산,사립,지방,대표대학,지방-사립-대표,4058,4081,26430,4075,99.9,6.5,4264,2329,215,36,0,43,31,3939,59.13,59.1,5.04,82.42,54.62,5.04
2024,2024,2023,1,동아대학교,부산,사립,지방,대표대학,지방-사립-대표,4058,4062,25225,4048,99.7,6.2,4178,2304,221,28,0,56,32,3841,59.98,60.0,5.29,81.76,55.15,5.29
2025,2025,2024,1,동아대학교,부산,사립,지방,대표대학,지방-사립-대표,4159,4164,26357,4159,99.9,6.3,4183,2203,237,43,1,66,0,3836,57.43,57.4,5.67,83.43,52.67,5.67
2023,2023,2022,1,부경대학교,부산,국립,지방,대표대학,지방-국립-대표,3270,3274,25625,3258,99.5,7.8,3870,1940,292,32,0,142,31,3373,57.52,57.5,7.55,85.36,50.13,7.55
2024,2024,2023,1,부경대학교,부산,국립,지방,대표대학,지방-국립-대표,3338,3303,24002,3295,99.8,7.3,3451,1676,313,9,0,146,24,2959,56.64,56.6,9.07,86.1,48.57,9.07
2025,2025,2024,1,부경대학교,부산,국립,지방,대표대학,지방-국립-대표,3338,3304,29380,3303,100.0,8.9,3461,1656,347,18,1,151,0,2944,56.25,56.3,10.03,85.9,47.85,10.03
2023,2023,2022,1,부산대학교,부산,국립,지방,대표대학,지방-국립-대표,4291,4299,46156,4292,99.8,10.7,4832,2505,555,30,0,118,29,4100,61.1,61.1,11.49,88.68,51.84,11.49
2024,2024,2023,1,부산대학교,부산,국립,지방,대표대학,지방-국립-대표,4311,4323,37391,4312,99.7,8.6,4278,2136,537,37,0,97,38,3569,59.85,59.8,12.55,85.28,49.93,12.55
2025,2025,2024,1,부산대학교,부산,국립,지방,대표대학,지방-국립-대표,4498,4468,40012,4457,99.8,9.0,4176,1912,696,53,1,101,0,3325,57.5,57.5,16.67,88.18,45.79,16.67
2023,2023,2022,1,부산외국어대학교,부산,사립,지방,대표대학,지방-사립-대표,1470,1508,6659,1503,99.7,4.4,1775,930,22,17,1,158,30,1547,60.12,60.1,1.24,77.16,52.39,1.24
2024,2024,2023,1,부산외국어대학교,부산,사립,지방,대표대학,지방-사립-대표,1470,1501,5303,1484,98.9,3.5,1546,805,32,3,0,125,16,1370,58.76,58.8,2.07,74.34,52.07,2.07
2025,2025,2024,1,부산외국어대학교,부산,사립,지방,대표대학,지방-사립-대표,1470,1471,5320,1472,100.1,3.6,1531,766,30,12,1,146,1,1341,57.12,57.1,1.96,75.73,50.03,1.96
2023,2023,2022,1,서울과학기술대학교,서울,국립,수도권,대표대학,수도권-국립-대표,2148,2152,26611,2151,100.0,12.4,2481,1564,207,7,0,70,9,2188,71.48,71.5,8.34,89.93,63.04,8.34
2024,2024,2023,1,서울과학기술대학교,서울,국립,수도권,대표대학,수도권-국립-대표,2177,2179,28203,2178,100.0,12.9,2163,1253,214,4,1,74,6,1864,67.22,67.2,9.89,89.26,57.93,9.89
2025,2025,2024,1,서울과학기술대학교,서울,국립,수도권,대표대학,수도권-국립-대표,2227,2228,30229,2226,99.9,13.6,2285,1198,282,11,0,109,0,1883,63.62,63.6,12.34,90.12,52.43,12.34
2023,2023,2022,1,서울대학교,서울,국립대법인,수도권,대표대학,수도권-국립-대표,3233,3237,17565,3236,100.0,5.4,3330,1633,924,44,1,31,6,2324,70.27,70.3,27.75,91.27,49.04,27.75
2024,2024,2023,1,서울대학교,서울,국립대법인,수도권,대표대학,수도권-국립-대표,3451,3457,25303,3450,99.8,7.3,3113,1463,977,38,2,37,8,2051,71.33,71.3,31.38,86.81,47.0,31.38
2025,2025,2024,1,서울대학교,서울,국립대법인,수도권,대표대학,수도권-국립-대표,3476,3477,24799,3465,99.7,7.1,3188,1361,994,69,0,49,0,2076,65.56,65.6,31.18,88.51,42.69,31.18
2023,2023,2022,1,성균관대학교,서울,사립,수도권,대표대학,수도권-사립-대표,3335,3349,62964,3341,99.8,18.8,4664,2528,609,31,1,716,1,3306,76.47,76.5,13.06,92.83,54.2,13.06
2024,2024,2023,1,성균관대학교,서울,사립,수도권,대표대학,수도권-사립-대표,3447,3451,73237,3432,99.4,21.2,4122,2231,568,27,3,499,3,3022,73.83,73.8,13.78,91.44,54.12,13.78
2025,2025,2024,1,성균관대학교,서울,사립,수도권,대표대학,수도권-사립-대표,3555,3552,79579,3529,99.4,22.4,4124,2072,742,30,1,446,0,2905,71.33,71.3,17.99,91.92,50.24,17.99
2023,2023,2022,1,연세대학교,서울,사립,수도권,대표대학,수도권-사립-대표,3471,3480,31832,3466,99.6,9.1,4351,2344,756,39,2,234,12,3308,70.86,70.9,17.38,90.89,53.87,17.38
2024,2024,2023,1,연세대학교,서울,사립,수도권,대표대학,수도권-사립-대표,3495,3506,38171,3488,99.5,10.9,4030,2055,828,43,1,280,8,2870,71.6,71.6,20.55,86.67,50.99,20.55
2025,2025,2024,1,연세대학교,서울,사립,수도권,대표대학,수도권-사립-대표,3555,3569,41033,3622,101.5,11.5,4204,1961,928,74,2,285,0,2915,67.27,67.3,22.07,90.72,46.65,22.07
2023,2023,2022,1,영산대학교,경남,사립,지방,비교대학,지방-사립-비교,1331,1331,5669,1206,90.6,4.3,1414,885,18,15,0,78,20,1283,68.98,69.2,1.27,83.72,62.59,1.27
2024,2024,2023,1,영산대학교,경남,사립,지방,비교대학,지방-사립-비교,1331,1331,4766,1250,93.9,3.6,1339,802,25,20,2,88,18,1186,67.62,67.9,1.87,79.58,59.9,1.87
2025,2025,2024,1,영산대학교,경남,사립,지방,비교대학,지방-사립-비교,1294,1294,5120,1291,99.8,4.0,1392,837,18,14,0,95,0,1265,66.17,66.55,1.29,81.87,60.13,1.29
2023,2023,2022,1,울산대학교,울산,사립,지방,대표대학,지방-사립-대표,2727,2753,12561,2730,99.2,4.6,2962,1653,168,12,1,50,11,2720,60.77,60.8,5.67,85.87,55.81,5.67
2024,2024,2023,1,울산대학교,울산,사립,지방,대표대학,지방-사립-대표,2657,2515,11518,2512,99.9,4.6,2805,1469,151,14,0,85,19,2536,57.93,57.9,5.38,82.47,52.37,5.38
2025,2025,2024,1,울산대학교,울산,사립,지방,대표대학,지방-사립-대표,2737,2579,13059,2565,99.5,5.1,2684,1367,169,29,0,81,0,2405,56.84,56.8,6.3,84.43,50.93,6.3
2023,2023,2022,1,창신대학교,경남,사립,지방,비교대학,지방-사립-비교,325,325,2569,325,100.0,7.9,464,295,9,3,1,36,4,411,71.78,71.8,1.94,83.61,63.58,1.94
2024,2024,2023,1,창신대학교,경남,사립,지방,비교대학,지방-사립-비교,345,345,2208,345,100.0,6.4,425,283,9,2,0,3,2,409,69.19,69.2,2.12,82.1,66.59,2.12
2025,2025,2024,1,창신대학교,경남,사립,지방,비교대학,지방-사립-비교,345,345,2541,345,100.0,7.4,491,336,12,4,1,5,0,469,71.64,71.6,2.44,85.8,68.43,2.44
2023,2023,2022,1,충남대학교,대전,국립,지방,대표대학,지방-국립-대표,3584,3599,28793,3593,99.8,8.0,3872,2164,394,33,4,106,14,3321,65.16,65.2,10.18,88.35,55.89,10.18
2024,2024,2023,1,충남대학교,대전,국립,지방,대표대학,지방-국립-대표,3652,3656,32661,3650,99.8,8.9,3474,1830,473,30,1,102,15,2853,64.14,64.1,13.62,85.77,52.68,13.62
2025,2025,2024,1,충남대학교,대전,국립,지방,대표대학,지방-국립-대표,3778,3739,38520,3738,100.0,10.3,3552,1721,580,69,1,83,0,2819,61.05,61.1,16.33,86.57,48.45,16.33
2023,2023,2022,1,평택대학교,경기,사립,수도권,비교대학,수도권-사립-비교,805,813,5582,815,100.2,6.9,767,460,12,15,0,14,19,707,65.06,65.1,1.56,81.08,59.97,1.56
2024,2024,2023,1,평택대학교,경기,사립,수도권,비교대학,수도권-사립-비교,805,805,6298,807,100.2,7.8,847,411,14,8,0,123,15,687,59.83,59.8,1.65,81.08,48.52,1.65
2025,2025,2024,1,평택대학교,경기,사립,수도권,비교대학,수도권-사립-비교,833,831,7332,831,100.0,8.8,809,410,15,10,0,78,4,702,58.4,58.4,1.85,77.71,50.68,1.85
2023,2023,2022,1,한남대학교,대전,사립,지방,비교대학,지방-사립-비교,2715,2731,13759,2728,99.9,5.0,2362,1428,100,13,0,78,33,2138,66.79,66.8,4.23,83.5,60.46,4.23
2024,2024,2023,1,한남대학교,대전,사립,지방,비교대학,지방-사립-비교,2715,2716,13469,2714,99.9,5.0,2234,1300,119,11,0,64,18,2022,64.29,64.3,5.33,86.36,58.19,5.33
2025,2025,2024,1,한남대학교,대전,사립,지방,비교대학,지방-사립-비교,2715,2716,13760,2716,100.0,5.1,2330,1308,152,16,0,40,10,2112,61.93,61.9,6.52,81.7,56.14,6.52
2023,2023,2022,1,협성대학교,경기,사립,수도권,비교대학,수도권-사립-비교,1004,1008,7577,994,98.6,7.5,979,540,41,3,0,46,21,868,62.21,62.2,4.19,79.6,55.16,4.19
2024,2024,2023,1,협성대학교,경기,사립,수도권,비교대학,수도권-사립-비교,1004,1007,7673,1004,99.7,7.6,931,494,41,6,0,52,33,799,61.83,61.8,4.4,77.28,53.06,4.4
2025,2025,2024,1,협성대학교,경기,사립,수도권,비교대학,수도권-사립-비교,1004,1007,8319,1007,100.0,8.3,909,472,50,8,1,27,11,812,58.13,58.1,5.5,79.1,51.93,5.5
